City,Lat,Lng,Max Temp,Humidity,Cloudiness,Wind Speed,Country,Date
Mayor Pablo Lagerenza,-19.9309,-60.7718,70.25,58,0,1.45,PY,1613896907
Rikitea,-23.1203,-134.9692,78.91,68,4,8.21,PF,1613896907
Vaini,-21.2,-175.2,77.0,78,75,10.36,TO,1613896909
Santa Cruz de la Sierra,-17.8,-63.1667,73.4,88,19,2.3,BO,1613896741
Mtwango,-9.0167,34.8,65.71,90,99,6.73,TZ,1613896910
Busselton,-33.65,115.3333,84.99,50,0,3.0,AU,1613896701
Tiarei,-17.5333,-149.3333,78.8,73,0,9.22,PF,1613896911
Clyde River,70.4692,-68.5914,-34.6,74,1,2.3,CA,1613896911
Qaanaaq,77.484,-69.3632,-28.37,71,0,4.18,GL,1613896912
Cidreira,-30.1811,-50.2056,71.47,83,1,8.95,BR,1613896913
Taoudenni,22.6783,-3.9836,78.76,15,0,4.72,ML,1613896913
São Pedro do Sul,-29.6206,-54.1789,62.74,95,4,4.16,BR,1613896915
Thompson,55.7435,-97.8558,14.0,85,20,5.75,CA,1613896915
Port Alfred,-33.5906,26.891,71.01,78,94,5.99,ZA,1613896916
Belyy Yar,53.6039,91.3903,15.8,57,0,6.71,RU,1613896916
Shingū,33.7333,135.9833,62.6,72,20,2.3,JP,1613896917
Ahipara,-35.1667,173.1667,62.51,84,54,7.05,NZ,1613896917
Leningradskiy,69.3833,178.4167,-14.4,87,99,7.78,RU,1613896918
Anadyr,64.75,177.4833,-18.0,76,75,4.47,RU,1613896918
Tateyama,34.9833,139.8667,64.99,55,0,3.0,JP,1613896720
Hasaki,35.7333,140.8333,64.4,42,0,6.91,JP,1613896919
Naze,28.3667,129.4833,66.2,59,20,12.66,JP,1613896920
Ushuaia,-54.8,-68.3,41.0,93,90,9.22,AR,1613896920
Klyuchi,52.2667,79.1667,10.56,93,91,13.38,RU,1613896921
Avarua,-21.2078,-159.775,77.0,88,75,6.91,CK,1613896736
Vanavara,60.34,102.2797,-8.0,88,100,5.03,RU,1613896923
Pangnirtung,66.1451,-65.7125,-16.33,65,0,1.7,CA,1613896923
Atuona,-9.8,-139.0333,79.61,81,96,19.93,PF,1613896924
Jalingo,8.8833,11.3667,87.49,13,0,4.43,NG,1613896924
Longyearbyen,78.2186,15.6401,24.8,63,40,12.66,SJ,1613896672
Mataura,-46.1927,168.8643,63.0,78,0,1.01,NZ,1613896926
Puerto Ayora,-0.7393,-90.3518,73.99,98,35,5.01,EC,1613896927
Sancti Spíritus,21.9297,-79.4425,69.94,91,4,7.92,CU,1613896927
Nikolskoye,59.7035,30.7861,26.6,93,90,4.47,RU,1613896928
Roskoshnoye,48.5074,39.3004,30.38,95,100,11.9,UA,1613896928
Arraial do Cabo,-22.9661,-42.0278,75.61,88,0,4.59,BR,1613896694
Banda Aceh,5.5577,95.3222,85.24,68,80,11.52,ID,1613896930
Port Elizabeth,-33.918,25.5701,75.2,53,20,27.63,ZA,1613896930
Tigil',57.8,158.6667,6.85,93,54,6.89,RU,1613896932
Yulara,-25.2406,130.9889,102.2,17,75,10.36,AU,1613896932
Saskylakh,71.9167,114.0833,-30.62,84,7,1.48,RU,1613896934
Zaozyornoye,45.1582,33.2787,37.99,57,99,0.94,UA,1613896934
Bluff,-46.6,168.3333,63.0,78,0,1.01,NZ,1613896936
Hermanus,-34.4187,19.2345,64.99,84,71,1.99,ZA,1613896709
Parkersburg,39.2667,-81.5615,12.0,72,1,2.82,US,1613896938
Tuktoyaktuk,69.4541,-133.0374,-17.39,88,98,11.43,CA,1613896938
Praia,14.9215,-23.5087,66.2,77,0,16.11,CV,1613896854
Northam,51.0333,-4.2167,48.99,91,100,7.0,GB,1613896940
Lorengau,-2.0226,147.2712,82.38,75,85,5.7,PG,1613896941
Bria,6.5423,21.9863,86.63,14,100,6.06,CF,1613896739
Jamestown,42.097,-79.2353,10.99,92,1,4.61,US,1613896942
Albany,42.6001,-73.9662,15.8,79,20,4.61,US,1613896936
Cherskiy,68.75,161.3,-33.05,84,100,4.38,RU,1613896943
Saint George,37.1041,-113.5841,39.99,69,1,6.91,US,1613896943
Odienné,9.51,-7.5692,82.69,15,49,3.49,CI,1613896698
Punta Arenas,-53.15,-70.9167,42.8,81,0,2.3,CL,1613896710
Tiksi,71.6872,128.8694,-26.16,85,35,2.57,RU,1613896945
Vrangel',42.7297,133.0839,26.85,85,56,5.53,RU,1613896732
Kapaa,22.0752,-159.319,73.99,88,90,13.8,US,1613896946
Carnarvon,-24.8667,113.6333,86.0,70,90,10.36,AU,1613896948
Tourlaville,49.6383,-1.5664,52.0,87,90,6.91,FR,1613896948
Tagusao,9.1924,117.8141,78.28,71,64,10.09,PH,1613896949
Khatanga,71.9667,102.5,-19.7,87,98,10.29,RU,1613896949
Tessalit,20.1986,1.0114,77.85,14,0,14.65,ML,1613896950
College,64.8569,-147.8028,-20.0,83,1,4.61,US,1613896950
Elmira,42.0898,-76.8077,18.0,79,90,5.75,US,1613896951
Kilindoni,-7.9139,39.6668,81.72,78,100,4.32,TZ,1613896951
Cape Town,-33.9258,18.4232,71.01,56,20,11.5,ZA,1613896952
Xai-Xai,-25.0519,33.6442,83.66,75,100,9.95,MZ,1613896952
Aykhal,66.0,111.5,-31.85,82,88,0.92,RU,1613896731
Hobart,-42.8794,147.3294,64.99,67,90,13.8,AU,1613896770
New Norfolk,-42.7826,147.0587,64.99,62,75,2.51,AU,1613896955
Ponta Delgada,37.7333,-25.6667,55.4,82,75,13.8,PT,1613896955
Baykit,61.67,96.37,-7.56,83,100,3.36,RU,1613896956
Hithadhoo,-0.6,73.0833,81.73,78,60,15.43,MV,1613896956
Anzio,41.4853,12.6179,55.99,88,0,1.01,IT,1613896957
Sydney,-33.8679,151.2073,77.0,73,40,10.36,AU,1613896758
Konotop,51.2403,33.2026,33.19,99,100,9.42,UA,1613896677
East London,-33.0153,27.9116,71.6,60,40,13.8,ZA,1613896959
Severo-Kuril'sk,50.6789,156.125,30.42,97,100,33.17,RU,1613896959
Souillac,-20.5167,57.5167,86.0,66,40,16.11,MU,1613896960
Olinda,-8.0089,-34.8553,78.8,69,40,6.91,BR,1613896960
Hamilton,39.1834,-84.5333,17.6,92,1,4.63,US,1613896961
George Town,5.4112,100.3354,89.6,58,20,11.5,MY,1613896961
Barrow,71.2906,-156.7887,-9.4,77,75,13.8,US,1613896962
Omsukchan,62.5333,155.8,-30.06,81,99,4.9,RU,1613896963
Gunjur,13.2019,-16.7339,71.94,38,80,15.52,GM,1613896963
Upernavik,72.7868,-56.1549,-23.22,83,19,14.27,GL,1613896964
The Pas,53.8251,-101.2541,19.4,68,1,8.05,CA,1613896964
Bilma,18.6853,12.9164,72.84,19,69,9.1,NE,1613896965
Butaritari,3.0707,172.7902,81.09,81,35,18.75,KI,1613896965
Lüderitz,-26.6481,15.1594,71.83,37,0,26.62,NA,1613896816
Barbate,36.1924,-5.9219,59.0,82,75,8.05,ES,1613896688
Yenagoa,4.9247,6.2642,84.74,59,87,2.57,NG,1613896928
Vila do Maio,15.1333,-23.2167,66.2,77,0,16.11,CV,1613896968
Hofn,64.2539,-15.2082,39.7,72,100,24.63,IS,1613896968
Tautira,-17.7333,-149.15,78.8,73,0,9.22,PF,1613896969
Kilimatinde,-5.85,34.95,75.2,77,100,5.12,TZ,1613896969
Klaksvík,62.2266,-6.589,44.6,93,75,20.71,FO,1613896970
Nanortalik,60.1432,-45.2371,16.68,92,100,9.37,GL,1613896970
Acajutla,13.5928,-89.8275,77.76,51,80,6.4,SV,1613896971
Aklavik,68.2191,-135.0107,-20.2,76,0,3.44,CA,1613896971
Abhā,18.2164,42.5053,64.4,72,40,18.41,SA,1613896955
Marzuq,14.4,46.4667,80.83,23,1,7.85,YE,1613896972
Iqaluit,63.7506,-68.5145,-25.6,68,1,2.3,CA,1613896802
Kieta,-6.2167,155.6333,81.21,76,100,1.7,PG,1613896973
Beihai,21.4833,109.1,69.84,73,0,11.34,CN,1613896795
São Miguel do Araguaia,-13.275,-50.1628,71.15,98,100,4.36,BR,1613896693
Maamba,-17.3667,27.15,73.63,77,100,4.23,ZM,1613896975
Chui,-33.6971,-53.4616,61.32,92,0,5.03,UY,1613896975
Honolulu,21.3069,-157.8583,77.0,69,20,11.5,US,1613896736
Bella Union,-30.2752,-57.6007,66.31,71,0,6.4,UY,1613896977
Cape Coast,5.1053,-1.2466,82.09,75,80,5.86,GH,1613896977
Qingdao,36.0986,120.3719,77.0,22,0,6.71,CN,1613896931
Santa Maria,-29.6842,-53.8069,63.61,96,14,3.71,BR,1613896978
Tasiilaq,65.6145,-37.6368,32.0,74,75,31.07,GL,1613896979
Roura,4.7263,-52.3274,78.8,83,75,8.05,GF,1613896979
Lima,-12.0432,-77.0282,69.01,82,0,4.61,PE,1613896980
Vila Franca do Campo,37.7167,-25.4333,55.4,76,75,10.36,PT,1613896980
Sørkjosen,69.8,20.9333,8.51,85,48,23.87,NO,1613896981
Ponta do Sol,32.6667,-17.1,54.0,77,33,1.99,PT,1613896981
High Rock,26.6208,-78.2833,66.2,59,90,13.8,BS,1613896982
Masvingo,-20.0637,30.8277,78.67,63,100,5.23,ZW,1613896982
Palmer,42.1584,-72.3287,18.0,68,0,5.14,US,1613896714
Carauari,-4.8828,-66.8958,71.38,97,100,1.99,BR,1613896984
Fortuna,40.5982,-124.1573,39.2,100,40,4.61,US,1613896984
Byron Bay,-28.65,153.6167,77.0,78,90,16.11,AU,1613896806
Shunyi,40.125,116.6453,75.2,7,0,15.66,CN,1613896986
Port Hardy,50.6996,-127.4199,41.0,93,90,5.75,CA,1613896986
Bilibino,68.0546,166.4372,-26.72,76,56,1.52,RU,1613896987
Wilmington,34.2257,-77.9447,34.0,69,1,8.05,US,1613896863
Tartagal,-22.5164,-63.8013,72.25,78,100,1.25,AR,1613896988
Samarai,-10.6167,150.6667,84.52,75,61,6.6,PG,1613896988
Sitka,57.0531,-135.33,44.6,93,90,16.11,US,1613896989
Muravlenko,63.7898,74.523,-10.55,90,100,11.41,RU,1613896731
Beatrice,40.2681,-96.747,35.6,75,90,10.36,US,1613896990
Bredasdorp,-34.5322,20.0403,62.6,88,76,4.61,ZA,1613896991
Yellowknife,62.456,-114.3525,-11.0,77,75,3.44,CA,1613896991
Mahébourg,-20.4081,57.7,86.0,66,40,16.11,MU,1613896720
Mandiana,10.6333,-8.6833,82.06,15,23,4.52,GN,1613896992
Ternate,0.8,127.4,83.12,74,6,9.55,ID,1613896993
Tenkodogo,11.78,-0.3697,81.05,13,82,15.75,BF,1613896994
São Filipe,14.8961,-24.4956,71.73,69,0,9.69,CV,1613896995
Canutama,-6.5339,-64.3831,71.73,96,100,2.24,BR,1613896995
Juneau,58.3019,-134.4197,37.4,81,90,27.63,US,1613896996
Oktyabr'skoye,43.0645,44.7417,30.0,80,0,4.47,RU,1613896996
Anloga,5.7947,0.8973,80.6,89,20,3.44,GH,1613896997
Mar del Plata,-38.0023,-57.5575,57.0,93,0,4.61,AR,1613896997
Deūlgaon Rāja,20.0167,76.0333,84.2,39,40,6.91,IN,1613896998
Bellavista,-7.0561,-76.5911,69.13,94,41,0.98,PE,1613896999
Sept-Îles,50.2001,-66.3821,10.4,56,40,6.91,CA,1613896737
Pimentel,-6.8367,-79.9342,69.01,83,0,4.0,PE,1613896737
Oakdale,44.963,-92.9649,21.99,73,75,8.05,US,1613896715
Mennzel Bou Zelfa,36.6831,10.5843,59.0,94,20,5.75,TN,1613896738
Nhulunbuy,-12.2333,136.7667,86.0,70,40,13.8,AU,1613897002
Porto Santo,33.072,-16.3415,57.2,58,40,16.11,PT,1613897003
Lensk,60.7253,114.9278,-12.78,85,100,7.09,RU,1613897003
Itarema,-2.9248,-39.9167,76.14,87,92,10.16,BR,1613897004
Stromness,58.965,-3.296,42.8,81,48,19.57,GB,1613897004
Saint-Philippe,-21.3585,55.7679,89.6,58,75,19.57,RE,1613897005
Venado Tuerto,-33.7456,-61.9688,60.01,86,0,5.01,AR,1613897005
Hong Kong,22.2855,114.1577,73.99,56,0,7.11,HK,1613896796
Mossamedes,-15.1961,12.1522,73.85,60,37,3.62,AO,1613897006
Saint-Pierre,-21.3393,55.4781,87.8,58,40,21.85,RE,1613896722
Litovko,49.2361,135.1742,5.74,93,65,6.4,RU,1613897007
Kaitangata,-46.2817,169.8464,62.01,72,0,4.45,NZ,1613897008
Igarka,67.4667,86.5833,-30.68,82,77,7.0,RU,1613897008
Hilo,19.7297,-155.09,69.8,88,90,6.91,US,1613897009
Bengkulu,-3.8004,102.2655,82.44,73,57,6.11,ID,1613896774
Abengourou,6.7297,-3.4964,81.64,66,4,1.88,CI,1613897010
Siedlce,52.1677,22.2901,41.0,93,100,7.92,PL,1613897011
Athabasca,54.7169,-113.2854,28.4,64,68,3.44,CA,1613897011
Kanniyākumāri,8.0833,77.5667,86.25,59,100,19.39,IN,1613897012
San Cristobal,7.7669,-72.225,62.26,84,23,2.8,VE,1613897013
Bubaque,11.2833,-15.8333,76.73,64,0,13.73,GW,1613897013
Muros,42.7762,-9.0603,45.0,94,100,1.01,ES,1613897014
Waipawa,-41.4122,175.5153,64.4,59,100,21.85,NZ,1613897014
Ust-Nera,64.5667,143.2,-20.96,78,91,0.63,RU,1613897016
Saint Paul Harbor,57.79,-152.4072,30.2,69,75,12.66,US,1613897016
Okaihau,-35.3167,173.7833,66.0,81,0,1.79,NZ,1613897017
Tokur,53.1333,132.9,-4.05,93,100,2.84,RU,1613897018
Ranong,9.9658,98.6348,89.6,48,20,12.66,TH,1613897018
Avera,33.194,-82.5271,30.2,75,1,4.23,US,1613897019
Cabo San Lucas,22.8909,-109.9124,57.0,79,34,9.98,MX,1613897020
Bambous Virieux,-20.3428,57.7575,86.0,66,40,16.11,MU,1613897020
Ulaangom,49.9811,92.0667,14.95,93,100,2.39,MN,1613897021
Katsuura,35.1333,140.3,63.0,59,0,18.41,JP,1613897021
Norman Wells,65.282,-126.8329,-22.0,76,75,4.61,CA,1613897022
Port Hedland,-20.3167,118.5667,91.4,58,61,17.27,AU,1613897022
Lagos,6.5833,3.75,88.41,43,81,1.66,NG,1613897023
Port-Gentil,-0.7193,8.7815,84.2,79,40,5.75,GA,1613897024
Lebu,-37.6167,-73.65,53.46,88,5,14.61,CL,1613897025
Dikson,73.5069,80.5464,-7.33,91,100,5.03,RU,1613897025
Tuatapere,-46.1333,167.6833,63.0,78,0,1.01,NZ,1613897026
Kimbe,-5.5502,150.1429,80.46,82,100,0.89,PG,1613897026
San Patricio,28.017,-97.5169,53.6,93,1,8.05,US,1613897027
Conde,-7.2597,-34.9075,77.0,100,20,3.44,BR,1613897028
Constitución,-35.3333,-72.4167,53.78,73,0,5.19,CL,1613897028
Oddur,4.1213,43.8894,88.34,28,38,20.51,SO,1613897028
Băişoara,46.5833,23.4667,34.0,93,90,1.14,RO,1613897029
Zhigansk,66.7697,123.3711,-27.47,83,100,3.98,RU,1613897030
Ribeira Grande,38.5167,-28.7,55.4,94,75,5.75,PT,1613897030
Nara,34.6851,135.8049,66.2,37,0,4.61,JP,1613897031
Tiznit Province,29.5833,-9.5,55.08,81,100,15.95,MA,1613897031
Arrondissement du Havre,49.5833,0.3333,53.6,62,0,6.91,FR,1613897032
Urucará,-2.5364,-57.76,71.94,98,100,2.71,BR,1613897032
Tsiroanomandidy,-18.7667,46.0333,84.9,56,100,5.88,MG,1613897033
Kirakira,-10.4544,161.9205,81.61,80,65,3.22,SB,1613897033
Coyhaique,-45.5752,-72.0662,48.2,87,100,4.61,CL,1613897034
Parabel',58.6978,81.4825,-4.9,91,100,10.56,RU,1613897034
Bambanglipuro,-7.95,110.2833,84.6,68,8,9.42,ID,1613896736
Nome,64.5011,-165.4064,-7.6,71,90,8.05,US,1613897035
Benguela,-12.5763,13.4055,79.97,62,100,3.31,AO,1613897036
Komsomolets,53.7453,62.0708,-5.37,87,2,3.22,KZ,1613897036
Vila Velha,-20.3297,-40.2925,75.2,88,75,3.44,BR,1613897037
Saldanha,-33.0117,17.9442,69.8,60,4,12.66,ZA,1613897037
Mount Gambier,-37.8333,140.7667,64.4,63,90,14.97,AU,1613897038
Mayo,38.8876,-76.5119,26.6,54,1,6.91,US,1613897038
Zambezi,-13.5432,23.1047,74.75,76,100,9.84,ZM,1613897039
Los Llanos de Aridane,28.6585,-17.9182,60.8,67,20,6.91,ES,1613896784
Entre Rios,-11.9419,-38.0844,70.72,94,100,2.64,BR,1613897040
Orotina,9.912,-84.5234,68.0,73,0,14.97,CR,1613897041
Airai,-8.9266,125.4092,64.6,100,100,3.04,TL,1613897041
Jacqueville,5.2052,-4.4146,82.4,89,40,5.75,CI,1613897042
Yar-Sale,66.8333,70.8333,-32.93,82,51,5.64,RU,1613897042
Castro,-24.7911,-50.0119,57.69,97,24,5.28,BR,1613897043
Beckley,37.7782,-81.1882,17.6,85,1,3.09,US,1613897044
Port-Cartier,50.0334,-66.8654,10.4,56,40,6.91,CA,1613897044
Dera Bugti,29.0307,69.151,82.83,14,60,8.81,PK,1613897045
Wakkanai,45.4094,141.6739,26.6,63,75,17.27,JP,1613896836
Obo,5.3998,26.4869,92.59,11,97,5.41,CF,1613897047
Geraldton,-28.7667,114.6,86.0,35,0,12.66,AU,1613897047
Caravelas,-17.7125,-39.2481,72.86,93,100,3.13,BR,1613897048
Lyaskelya,61.7667,31.0167,8.94,93,100,11.97,RU,1613897048
Lagoa,39.05,-27.9833,52.47,86,100,10.8,PT,1613897049
Port Keats,-14.25,129.55,81.7,86,100,10.89,AU,1613897049
Kununurra,-15.7667,128.7333,89.6,50,90,9.22,AU,1613897050
Bull Savanna,17.8868,-77.5902,69.46,80,0,2.73,JM,1613897050
Baní,18.2833,-70.3333,73.0,83,0,1.01,DO,1613897051
Uíge,-7.6087,15.0613,77.36,73,92,3.29,AO,1613897051
Tezu,27.9167,96.1667,85.28,20,0,4.43,IN,1613897052
Khipro,25.8285,69.3772,91.85,11,18,3.04,PK,1613897052
Bima,-8.4667,118.7167,83.12,77,100,4.43,ID,1613897053
Lugovoy,42.9472,72.7644,34.99,92,100,4.0,KZ,1613897054
Sabang,5.8933,95.3214,81.52,80,39,22.08,ID,1613897054
Fairbanks,64.8378,-147.7164,-20.0,83,1,4.61,US,1613897055
Bethel,41.3712,-73.414,18.0,72,1,4.61,US,1613897055
Naryan-Mar,67.6713,53.087,-27.58,84,21,5.99,RU,1613897056
La Bruyère,50.3948,4.6144,51.8,58,0,11.5,BE,1613897056
Srednekolymsk,67.45,153.6833,-33.59,81,0,4.9,RU,1613897057
Nantucket,41.2835,-70.0995,24.8,63,1,24.16,US,1613897057
Viedma,-40.8135,-62.9967,56.7,55,0,9.93,AR,1613897058
Jumla,29.2747,82.1838,62.24,29,0,7.81,NP,1613897058
Keetmanshoop,-26.5833,18.1333,74.93,24,32,9.6,NA,1613897059
Pacific Grove,36.6177,-121.9166,48.0,87,1,5.75,US,1613897060
Isangel,-19.55,169.2667,80.02,83,100,11.18,VU,1613897060
Aksarka,66.5606,67.7975,-30.05,84,91,6.58,RU,1613897061
Bethanien,-26.502,17.1583,75.2,25,0,6.4,NA,1613897061
Kropotkin,45.4375,40.5756,31.03,98,37,5.77,RU,1613897062
Necochea,-38.5473,-58.7368,50.0,89,0,3.0,AR,1613897062
Harboøre,56.6175,8.1807,48.99,88,100,1.99,DK,1613897063
Oga,46.4631,10.347,48.99,92,0,2.3,IT,1613897063
Longonjo,-12.9067,15.2533,72.79,61,100,2.24,AO,1613897064
Vanimo,-2.6741,141.3028,80.83,77,30,3.58,PG,1613897064
Meulaboh,4.1363,96.1285,85.96,67,91,6.82,ID,1613897065
Leh,34.1667,77.5833,30.4,81,89,3.31,IN,1613896968
Sørland,67.667,12.6934,32.79,91,100,31.25,NO,1613897066
Mildura,-34.2,142.15,87.8,23,43,12.66,AU,1613897067
Tura,25.5198,90.2201,83.52,15,0,6.49,IN,1613897067
Praia da Vitória,38.7333,-27.0667,52.0,93,40,4.32,PT,1613897068
Gazli,40.1333,63.45,49.8,41,0,7.65,UZ,1613897068
Broome,42.2506,-75.833,17.6,93,90,6.91,US,1613897069
Gisborne,-38.6533,178.0042,71.01,85,8,6.08,NZ,1613897070
Brazzaville,-4.2658,15.2832,80.6,78,40,3.44,CG,1613897071
Hare Bay,48.8499,-54.0148,14.0,85,100,4.61,CA,1613897071
Vila,42.0304,-8.1588,39.99,95,100,5.99,PT,1613897072
Prince Rupert,54.3161,-130.3201,44.6,93,90,17.27,CA,1613897072
Barra de Tecoanapa,16.5167,-98.75,70.86,83,1,5.01,MX,1613897073
Andenes,69.3143,16.1194,26.6,68,20,29.93,NO,1613897073
Dicamay,16.7561,122.0037,73.38,78,100,3.18,PH,1613897074
Gimli,50.6336,-96.9907,17.6,86,0,11.5,CA,1613897074
Yongchang,30.0381,119.7317,67.23,54,0,4.07,CN,1613897075
Kangaba,11.9333,-8.4167,83.57,14,17,7.76,ML,1613897075
Scarborough,54.2797,-0.4044,48.99,83,86,3.0,GB,1613897076
Aksay,47.26,39.87,32.0,69,40,15.66,RU,1613897077
Concepción del Uruguay,-32.4825,-58.2372,63.0,80,0,4.29,AR,1613897077
Pionerskiy,54.9508,20.2275,41.0,70,98,6.71,RU,1613897078
Laguna de Perlas,12.3429,-83.6712,74.1,87,30,10.83,NI,1613897079
Inhambane,-23.865,35.3833,87.8,70,40,4.61,MZ,1613897079
Shiraoi,42.55,141.35,28.4,69,20,9.22,JP,1613897081
Turbat,26.0023,63.044,88.84,11,1,9.17,PK,1613897082
Dudinka,69.4058,86.1778,-29.65,83,63,4.36,RU,1613897082
Paamiut,61.994,-49.6678,5.86,90,59,8.95,GL,1613897083
Sosnovo,60.5514,30.2144,25.0,97,100,10.98,RU,1613897084
Peace River,56.2501,-117.286,30.99,69,20,19.57,CA,1613897084
Provideniya,64.3833,-173.3,-11.63,83,20,4.9,RU,1613897085
Aykino,62.2248,49.9922,-15.92,86,46,4.59,RU,1613897085
Narsaq,60.9167,-46.05,19.4,63,90,3.44,GL,1613897086
Poum,-20.2333,164.0167,83.53,75,98,4.59,NC,1613897087
La Ronge,55.1001,-105.2842,26.6,59,1,4.61,CA,1613897087
Boa Esperança,-21.09,-45.5658,63.99,94,12,4.63,BR,1613897088
Grand Gaube,-20.0064,57.6608,84.99,68,2,11.01,MU,1613897088
Codrington,-38.2667,141.9667,61.56,73,9,10.63,AU,1613897089
Ugoofaaru,5.6667,73.0,82.69,73,49,10.18,MV,1613897090
Kattivākkam,13.2167,80.3167,82.4,61,75,13.8,IN,1613897091
Makkah al Mukarramah,21.4267,39.8261,76.17,35,0,7.65,SA,1613897035
Urubichá,-15.3833,-62.95,70.65,96,100,1.14,BO,1613897092
Comodoro Rivadavia,-45.8667,-67.5,60.8,48,0,6.91,AR,1613897092
Florø,61.5996,5.0328,46.4,81,90,33.38,NO,1613897093
Nguruka,-5.1092,31.0419,77.5,72,100,2.53,TZ,1613897093
Camopi,3.1655,-52.3158,69.89,98,59,1.86,GF,1613897094
Coquimbo,-29.9533,-71.3436,59.0,88,90,3.44,CL,1613897094
Grindavik,63.8424,-22.4338,35.6,87,0,9.22,IS,1613897095
Haines Junction,60.7522,-137.5108,1.4,85,100,2.04,CA,1613897096
Laas,46.6166,10.7002,42.01,70,75,3.44,IT,1613897096
Monte Patria,-30.6919,-70.9467,56.79,66,0,1.07,CL,1613897097
Kiryat Gat,31.61,34.7642,60.01,43,10,5.91,IL,1613897097
Takoradze,4.8845,-1.7554,82.9,73,24,4.65,GH,1613896933
Torbay,47.6666,-52.7314,24.01,79,90,18.41,CA,1613897098
Pevek,69.7008,170.3133,-16.67,89,100,4.65,RU,1613897099
Caçapava do Sul,-30.5122,-53.4914,59.27,100,1,3.04,BR,1613897100
Beringovskiy,63.05,179.3167,-17.64,82,8,11.21,RU,1613897100
La Santisima Trinidad,-14.8333,-64.9,72.18,98,100,1.97,BO,1613897101
Mamali,6.7767,124.645,83.93,71,97,3.36,PH,1613897101
Ondjiva,-17.0667,15.7333,68.0,94,75,3.44,AO,1613897102
Okha,53.5739,142.9478,3.69,90,100,19.06,RU,1613897103
Tandaltī,13.0167,31.8667,79.45,15,3,14.65,SD,1613897104
Kaniama,-7.5667,24.1833,67.62,98,100,2.93,CD,1613897104
Opuwo,-18.0607,13.84,72.25,53,100,6.02,NA,1613897105
Concepción del Oro,24.6333,-101.4167,45.81,51,0,2.71,MX,1613897105
Sinnamary,5.3833,-52.95,76.32,85,93,10.89,GF,1613897106
Guerrero Negro,27.9769,-114.0611,56.62,78,97,9.42,MX,1613897106
Suihua,46.6406,126.9969,15.48,95,100,4.07,CN,1613897050
Port Blair,11.6667,92.75,81.9,65,99,16.87,IN,1613897107
Millington,35.3415,-89.8973,33.01,74,1,6.55,US,1613897108
Mocuba,-16.8392,36.9856,93.4,55,6,2.86,MZ,1613897108
Shaowu,27.3409,117.4831,71.53,55,14,1.68,CN,1613897109
Madimba,-10.4,40.3333,83.23,75,100,5.1,TZ,1613897109
Pangody,65.85,74.4859,-27.81,84,85,5.53,RU,1613897111
Buluang,13.3068,123.3425,74.84,93,100,8.93,PH,1613897111
San Miguel de Tucumán,-26.8241,-65.2226,66.2,94,90,3.44,AR,1613897112
Diapaga,12.0708,1.7889,79.43,14,54,13.31,BF,1613897112
Lavrentiya,65.5833,-171.0,-16.96,82,0,8.9,RU,1613897113
Ebeltoft,56.1944,10.6821,41.0,93,20,4.61,DK,1613897114
Sárvár,47.2539,16.9352,42.8,81,34,9.22,HU,1613897114
Mandalgovi,45.7625,106.2708,20.28,90,100,12.8,MN,1613897115
Bandarbeyla,9.4942,50.8122,78.55,58,78,14.12,SO,1613897115
Suntar,62.1444,117.6319,-17.55,87,100,3.33,RU,1613897116
Thinadhoo,0.5333,72.9333,82.74,72,88,14.18,MV,1613897118
Chokurdakh,70.6333,147.9167,-33.16,83,76,5.35,RU,1613897118
Damnoen Saduak,13.5182,99.9547,91.99,40,99,1.01,TH,1613897119
Kemerovo,55.3333,86.0833,5.0,61,0,11.18,RU,1613897106
Nioaque,-21.1353,-55.83,65.75,79,0,2.01,BR,1613897120
Vammala,61.3333,22.9,35.01,93,90,5.75,FI,1613897121
Lajas,18.05,-67.0593,73.0,88,0,1.01,PR,1613897122
Pavlodar,52.3,76.95,10.4,67,20,22.37,KZ,1613897122
Ballymena,54.8636,-6.2763,46.0,87,0,10.36,GB,1613897123
Kremenchuk,49.0973,33.4197,31.75,99,99,9.4,UA,1613897123
Ilebo,-4.3167,20.5833,81.16,64,100,1.36,CD,1613897124
Bowmore,34.9421,-79.3031,30.2,69,1,5.75,US,1613897125
Kitimat,54.0524,-128.6534,36.0,95,100,1.99,CA,1613897126
Namatanai,-3.6667,152.4333,82.22,77,90,6.44,PG,1613897126
Alice Springs,-23.7,133.8833,100.4,14,0,8.05,AU,1613897127
Esil,51.9556,66.4042,-5.06,90,18,7.36,KZ,1613897127
Margate,51.3813,1.3862,51.01,70,95,4.0,GB,1613897128
Cabedelo,-6.9811,-34.8339,77.0,100,20,3.44,BR,1613897128
Jalu,29.0331,21.5482,63.03,35,0,6.64,LY,1613897129
Mindelo,16.8901,-24.9804,68.0,73,20,24.16,CV,1613897130
Valparaíso,-33.0393,-71.6273,48.2,100,20,2.3,CL,1613897131
Key West,24.5557,-81.7826,68.0,77,75,18.41,US,1613897131
Atocha,-20.9333,-66.2333,46.0,75,100,8.86,BO,1613897132
Faya,18.3851,42.4509,64.4,72,40,18.41,SA,1613897132
Nelson Bay,-32.7167,152.15,73.4,88,75,9.22,AU,1613897133
Saint-Paul,-21.0096,55.2707,86.0,58,0,23.02,RE,1613897134
Namwala,-15.7504,26.4384,71.08,91,100,2.19,ZM,1613897134
Morro Bay,35.3658,-120.8499,48.99,77,0,7.61,US,1613897135
Ambilobe,-13.2,49.05,83.5,76,100,5.91,MG,1613897135
Sandwick,60.0,-1.25,46.4,76,0,24.16,GB,1613897136
Acaponeta,22.4964,-105.3594,61.59,77,15,2.28,MX,1613897136
Mackay,-21.15,149.2,84.2,70,19,12.66,AU,1613897106
Dunedin,-45.8742,170.5036,62.01,71,0,1.01,NZ,1613896943
Liberal,37.0431,-100.921,35.6,80,1,16.11,US,1613897138
Iquique,-20.2208,-70.1431,66.2,68,0,2.3,CL,1613897138
Galesong,-5.3166,119.3661,80.6,89,20,2.3,ID,1613897139
Dingle,10.9995,122.6711,74.82,89,100,13.13,PH,1613897139
Ostrovnoy,68.0531,39.5131,-16.28,88,99,7.72,RU,1613897128
Mayna,54.1135,47.6231,-2.09,91,81,1.25,RU,1613897140
Changde,29.0464,111.6783,75.92,55,95,8.46,CN,1613897141
Linqing,36.8456,115.7117,77.18,14,0,7.14,CN,1613897142
Chebsara,59.2002,38.8356,3.2,78,75,6.71,RU,1613897142
Abancay,-13.6339,-72.8814,55.89,67,100,3.6,PE,1613897143
Gander,48.9682,-54.5906,14.0,79,90,10.36,CA,1613897143
Barcani,45.7,26.0833,41.0,98,94,5.99,RO,1613897144
Gillette,44.2911,-105.5022,23.0,79,1,12.66,US,1613897144
Half Moon Bay,37.4636,-122.4286,48.0,87,20,8.12,US,1613897145
Rome,43.2128,-75.4557,3.99,85,1,3.53,US,1613896944
Weida,50.7667,12.0667,51.01,59,0,9.26,DE,1613897146
Ürümqi,43.801,87.6005,32.0,86,75,6.71,CN,1613896938
Atbasar,51.8,68.3333,-5.03,90,13,7.65,KZ,1613897134
North Bend,43.4065,-124.2243,45.0,93,90,8.05,US,1613897147
Fomboni,-12.28,43.7425,83.95,68,100,5.46,KM,1613897148
Abadzekhskaya,44.3939,40.2214,41.5,61,0,2.37,RU,1613897149
Luby,50.2525,12.406,33.01,100,90,6.91,CZ,1613897150
Devrek,41.2192,31.9558,44.31,57,1,2.17,TR,1613897150
Chicama,-7.8447,-79.1469,69.49,79,85,5.46,PE,1613897151
Polyarny,69.1989,33.4478,-16.6,76,0,12.03,RU,1613897151
Rawa Mazowiecka,51.7644,20.2549,41.0,70,0,4.61,PL,1613897152
Piaçabuçu,-10.4056,-36.4344,75.76,83,79,5.7,BR,1613897152
Chul'man,56.8479,124.9104,-17.12,87,97,5.44,RU,1613897153
Kabarnet,0.4919,35.743,71.6,43,40,5.75,KE,1613897153
St. George's,12.0564,-61.7485,75.2,83,20,11.5,GD,1613897154
Pisco,-13.7,-76.2167,69.8,83,100,2.3,PE,1613897154
Novosergiyevka,52.0934,53.6528,-8.18,87,25,2.33,RU,1613897155
Puerto Carreño,6.189,-67.4859,78.91,55,100,13.67,CO,1613897155
Kalmunai,7.4167,81.8167,83.68,67,97,9.04,LK,1613897156
Raja,8.4596,25.678,81.86,15,100,7.29,SS,1613897156
Ouallam,14.3188,2.0866,77.54,15,27,16.04,NE,1613897157
Svarstad,59.399,9.9698,37.99,98,100,4.54,NO,1613897158
Quatre Cocos,-20.2078,57.7625,86.0,66,40,16.11,MU,1613897158
Bonthe,7.5264,-12.505,80.1,82,63,4.05,SL,1613897160
Aracaju,-10.9111,-37.0717,75.2,88,40,3.44,BR,1613897160
Kassala,15.451,36.4,82.87,29,0,9.91,SD,1613897161
Kruisfontein,-34.0033,24.7314,73.99,48,19,11.01,ZA,1613897150
Omboué,-1.5746,9.2618,80.85,78,100,1.79,GA,1613897162
Kaabong,3.4836,34.1492,73.0,53,95,10.94,UG,1613897162
Richards Bay,-28.783,32.0377,80.91,66,56,14.25,ZA,1613897163
Eyl,7.9803,49.8164,83.43,44,100,18.05,SO,1613897164
Requena,39.4883,-1.1004,54.0,84,100,16.17,ES,1613897165
Talnakh,69.4865,88.3972,-25.98,83,91,3.6,RU,1613897165
Neuquén,-38.9516,-68.0591,64.27,31,0,8.63,AR,1613897166
Mongu,-15.2484,23.1274,72.09,82,100,9.44,ZM,1613897166
Yuncheng,35.0231,110.9928,73.31,17,0,8.28,CN,1613897077
Kirkenær,60.4564,12.0582,36.0,100,90,10.36,NO,1613897168
Malanville,11.8685,3.3899,79.34,14,19,14.14,BJ,1613897169
Cabra,37.4725,-4.4421,53.6,82,40,5.75,ES,1613897170
Matonga,-2.3833,34.0833,78.78,53,100,3.53,TZ,1613897170
Tūkrah,32.5341,20.5791,59.83,57,0,6.78,LY,1613897171
Lompoc,34.6391,-120.4579,51.8,54,1,6.91,US,1613897171
Berlevåg,70.8578,29.0864,13.71,90,3,27.02,NO,1613897172
Moengo,5.6167,-54.4,72.57,92,93,2.59,SR,1613897172
Lakes Entrance,-37.8811,147.981,64.99,84,45,1.99,AU,1613897174
Ilulissat,69.2167,-51.1,1.4,71,75,10.36,GL,1613897174
Ranau,5.9538,116.6641,82.4,65,20,6.91,MY,1613897175
Okhotsk,59.3833,143.3,8.92,89,100,8.01,RU,1613897132
Karpathos,35.507,27.2132,51.8,87,40,14.97,GR,1613897176
Faanui,-16.4833,-151.75,82.22,70,3,7.78,PF,1613897162
Vardø,70.3705,31.1107,13.73,95,76,27.0,NO,1613897116
Pocatello,42.8713,-112.4455,24.8,80,75,11.5,US,1613897178
Guia Lopes da Laguna,-21.4578,-56.1142,65.37,80,6,1.36,BR,1613897179
San Quintín,30.4833,-115.95,55.04,79,0,0.83,MX,1613897180
Kizilskoye,52.7255,58.8937,-4.09,87,44,2.53,RU,1613897181
Shahrud,36.4182,54.9763,45.16,53,0,5.95,IR,1613897181
Ust-Tsilma,65.441,52.1498,-30.1,82,53,5.41,RU,1613897182
Union,40.6334,-74.2663,24.8,63,1,6.91,US,1613897182
Am Timan,11.0297,20.2827,85.35,13,100,9.13,TD,1613897183
Shimoda,34.6667,138.95,55.99,50,0,3.0,JP,1613897183
Sémbé,1.6481,14.5806,90.41,45,44,2.39,CG,1613897184
Ust-Kuyga,70.0167,135.6,-36.0,80,1,4.34,RU,1613897185
Arrondissement de Vire,48.9167,-0.8333,51.8,76,0,8.05,FR,1613897185
Milicz,51.5277,17.2714,48.99,81,56,8.14,PL,1613897186
Lázaro Cárdenas,17.9583,-102.2,67.66,76,0,5.14,MX,1613897186
Shache,38.4167,77.2406,58.84,28,0,7.11,CN,1613897143
Norwich,52.6278,1.2983,50.0,87,0,4.61,GB,1613897187
Hearst,49.6835,-83.6665,6.8,85,0,4.61,CA,1613897188
Cap-aux-Meules,47.3821,-61.8597,23.0,68,99,18.41,CA,1613897188
Genhe,50.7833,121.5167,7.14,93,100,3.94,CN,1613897189
Vysokogornyy,50.1167,139.15,2.14,92,96,3.98,RU,1613897189
Healdsburg,38.6105,-122.8692,46.0,81,1,8.05,US,1613897190
Esso,55.9333,158.7,7.21,89,81,2.73,RU,1613897190
Grimstad,58.3405,8.5934,39.99,100,75,2.3,NO,1613897191
Fukuechō,32.6881,128.8419,62.6,72,40,17.27,JP,1613897140
Jonesboro,35.8423,-90.7043,21.2,79,1,4.76,US,1613897192
San-Pédro,4.7485,-6.6363,79.95,83,48,3.91,CI,1613897193
Manaure,11.7751,-72.4445,74.88,82,98,10.38,CO,1613897195
Ekibastuz,51.6667,75.3667,10.71,90,77,18.32,KZ,1613897196
Tarakan,3.3,117.6333,87.8,66,40,4.61,ID,1613897068
Pāvilosta,56.8879,21.1859,37.4,87,90,9.22,LV,1613897129
Murray Bridge,-35.1167,139.2667,66.0,63,0,16.17,AU,1613896978
Casino,-28.8667,153.05,80.6,61,100,11.5,AU,1613897198
Ulladulla,-35.35,150.4667,73.99,88,75,9.22,AU,1613897199
Voh,-20.9667,164.7,80.04,85,100,0.36,NC,1613897199
Abu Samrah,35.3029,37.1841,46.63,52,100,13.73,SY,1613897200
Esperance,-33.8667,121.9,71.6,56,2,19.57,AU,1613897132
Kargopol',61.5071,38.9456,-8.55,89,93,5.17,RU,1613897201
Port Lincoln,-34.7333,135.8667,64.99,67,22,14.54,AU,1613896905
Flinders,-34.5833,150.8552,73.99,86,0,5.01,AU,1613897202
Yuci,37.6803,112.7319,71.6,8,0,4.47,CN,1613897203
Zar,40.2588,44.732,33.8,69,40,1.14,AM,1613897203
Houlton,46.1262,-67.8403,12.0,85,20,7.11,US,1613897204
Rogovatoye,51.23,38.3818,22.37,98,100,7.11,RU,1613897204
Kūhdasht,33.535,47.6061,51.8,37,20,5.35,IR,1613897205
Ende,-8.8432,121.6623,82.29,74,100,9.51,ID,1613897205
Zaysan,47.4667,84.8667,16.56,96,93,2.73,KZ,1613897142
Alofi,-19.0595,-169.9187,78.8,73,100,11.5,NU,1613897171
La Libertad,-2.2333,-80.9,74.48,84,57,8.39,EC,1613897207
Akhmīm,26.5622,31.745,59.0,41,0,11.5,EG,1613897207
Arrondissement de Toul,48.6667,5.9167,55.4,54,0,16.11,FR,1613897208
Piteå,65.3172,21.4794,6.8,85,90,8.05,SE,1613897208
Kavaratti,10.5669,72.642,80.6,63,8,4.68,IN,1613897209
Tabuk,17.4189,121.4443,74.64,71,88,3.78,PH,1613897210
Sainte-Rose,16.3324,-61.6979,74.08,77,6,13.06,GP,1613897211
Prince Albert,53.2001,-105.7677,17.6,67,75,8.05,CA,1613897211
Narón,43.5167,-8.1528,48.0,100,40,5.75,ES,1613897212
Algarrobo,10.1869,-74.5753,75.87,76,10,4.63,CO,1613897212
Águilas,37.4063,-1.5829,57.0,72,100,4.0,ES,1613897213
Culpeper,38.5004,-77.9664,19.0,79,1,3.0,US,1613897213
Zhangjiakou,40.81,114.8794,55.45,37,0,13.11,CN,1613897143
Örnsköldsvik,63.2909,18.7153,15.8,92,90,10.36,SE,1613897214
Fort Nelson,58.8053,-122.7002,14.0,79,75,6.91,CA,1613897156
Inuvik,68.3499,-133.7218,-20.2,76,98,3.44,CA,1613897216
Saint-François,46.4154,3.9054,55.4,50,0,18.41,FR,1613897216
Lata,40.1629,-8.3327,48.0,94,100,3.65,PT,1613897217
Sambava,-14.2667,50.1667,82.31,69,100,10.0,MG,1613897217
Oulainen,64.2667,24.8,7.0,89,92,5.01,FI,1613897218
Kelo,9.3086,15.8066,85.08,12,1,5.26,TD,1613897218
Sarkand,45.41,79.9186,31.68,96,100,3.6,KZ,1613897219
Changping,40.2186,116.2197,75.2,8,0,20.13,CN,1613897219
Arroyo de la Encomienda,41.6096,-4.7969,52.0,66,20,13.8,ES,1613897220
Warmbad,-28.45,18.7333,69.1,31,10,7.38,NA,1613897149
Petropavlovsk-Kamchatskiy,53.0452,158.6483,26.6,74,75,4.47,RU,1613897133
Preobrazheniye,42.9019,133.9064,24.76,88,98,1.54,RU,1613897133
Sayyan,15.1718,44.3244,65.89,38,0,6.06,YE,1613897222
Warwick,41.7001,-71.4162,24.01,58,1,11.5,US,1613897222
Gilgit,35.9221,74.3087,53.94,40,99,1.25,PK,1613897223
Jiazi,22.8779,116.067,69.33,61,0,5.53,CN,1613897223
Komárno,47.7636,18.1226,39.0,100,90,16.11,SK,1613897224
Moree,-29.4667,149.85,91.4,22,0,16.11,AU,1613897163
Sungai Raya,0.7,108.9,82.67,73,44,14.0,ID,1613897225
Belmonte,-15.8631,-38.8828,73.4,88,40,4.61,BR,1613897226
Korem,12.5058,39.5228,59.31,80,30,7.56,ET,1613897226
Tucuruí,-3.7661,-49.6725,72.59,94,99,1.95,BR,1613897227
Mumbai,19.0144,72.8479,93.2,27,20,8.05,IN,1613897110
Russell,32.3502,-85.1999,41.0,80,1,3.94,US,1613897228
Humaitá,-7.5061,-63.0208,70.54,97,100,0.89,BR,1613897228
Buala,-8.145,159.5921,78.8,86,100,8.48,SB,1613897229
Yangi Marg`ilon,40.4272,71.7189,46.4,81,75,6.91,UZ,1613897229
Batagay-Alyta,67.8006,130.4114,-28.5,81,0,0.67,RU,1613897230
Salalah,17.0151,54.0924,80.6,41,0,8.05,OM,1613897137
Ridgecrest,35.6225,-117.6709,48.0,29,1,16.11,US,1613897232
Atar,20.5169,-13.0499,68.74,22,0,9.98,MR,1613897147
Changtu,42.7788,124.0955,34.12,85,0,10.78,CN,1613897233
Paidha,2.4167,30.9855,82.9,21,91,9.31,UG,1613897234
Empório,40.4833,21.55,46.0,99,26,1.99,GR,1613897234
Yanam,16.7333,82.2167,86.0,48,75,12.66,IN,1613897235
Biak,-0.9131,122.8766,82.54,70,30,2.37,ID,1613897236
Goderich,43.7501,-81.7165,14.0,85,41,9.22,CA,1613897152
Payson,40.0444,-111.7321,30.99,86,1,8.05,US,1613897237
Paraíso,9.8383,-83.8656,64.0,84,77,5.99,CR,1613897238
São João da Barra,-21.6403,-41.0511,73.65,92,8,3.74,BR,1613897239
Tilichiki,60.4667,166.1,-6.29,88,100,8.68,RU,1613897129
Atambua,-9.1061,124.8925,77.9,88,100,6.35,ID,1613897164
Bom Jesus,-9.0744,-44.3586,70.95,93,96,1.54,BR,1613897241
Verkhotur'ye,58.8627,60.8054,-5.94,87,100,2.98,RU,1613897130
Waldkirchen,48.7327,13.6008,41.0,70,0,1.3,DE,1613897243
Ningxiang,37.34,111.2052,53.74,35,0,5.37,CN,1613897243
Trairi,-3.2778,-39.2689,74.98,91,56,6.89,BR,1613897244
Vestmannaeyjar,63.4427,-20.2734,38.43,74,100,25.05,IS,1613897244
Departamento de Maldonado,-34.6667,-54.9167,57.99,82,0,4.61,UY,1613897246
Tadine,-21.55,167.8833,79.36,85,100,16.2,NC,1613897246
Westport,41.1415,-73.3579,23.0,58,1,5.75,US,1613897247
Miastko,54.0028,16.9826,37.0,89,100,4.0,PL,1613897247
Sterling,39.0062,-77.4286,21.99,63,1,5.75,US,1613897248
Hambantota,6.1241,81.1185,91.4,55,40,10.36,LK,1613897248
Sorong,-0.8833,131.25,81.79,74,100,4.68,ID,1613897164
Östersund,63.1792,14.6357,33.01,100,90,23.02,SE,1613897249
Krasnaya Gora,52.9995,31.6023,33.8,93,75,11.18,RU,1613897250
Sawtell,-30.3833,153.1,70.0,94,75,17.27,AU,1613897250
Brigantine,39.4101,-74.3646,25.0,58,1,11.5,US,1613897251
São Raimundo das Mangabeiras,-7.0219,-45.4811,73.09,85,97,2.17,BR,1613897252
Bathsheba,13.2167,-59.5167,75.2,78,75,13.8,BB,1613897253
Lębork,54.5392,17.7501,44.6,57,0,6.91,PL,1613897254
Lahad Datu,5.0268,118.327,83.43,64,36,7.72,MY,1613897246
Touros,-5.1989,-35.4608,77.0,83,40,4.61,BR,1613897255
Plettenberg Bay,-34.0527,23.3716,70.32,57,0,18.1,ZA,1613897255
Kyotera,-0.6156,31.5175,86.34,32,21,3.29,UG,1613897257
Calabaca,14.3001,122.4336,74.89,90,100,16.51,PH,1613897257
Manggar,-2.8833,108.2667,83.46,70,100,13.78,ID,1613897258
Novy Urengoy,66.0833,76.6333,-30.44,83,78,4.03,RU,1613897258
Māchalpur,24.1333,76.3,87.94,12,15,2.17,IN,1613897089
Kavieng,-2.5744,150.7967,82.8,78,82,7.85,PG,1613897259
Champerico,14.3,-91.9167,64.99,95,0,6.24,GT,1613897260
Dukat,62.55,155.55,-30.86,82,98,3.8,RU,1613897260
Guarapari,-20.6667,-40.4975,75.2,88,75,3.44,BR,1613897262
